{"root":[{"assemblyName":"Assembly-CSharp","nameSpace":"GingerSnaps","className":"GameInstance","methodName":"RuntimeInitialization","loadTypes":1,"isUnityClass":false},{"assemblyName":"Assembly-CSharp","nameSpace":"GingerSnaps","className":"GamepadPointer","methodName":"Init","loadTypes":1,"isUnityClass":false},{"assemblyName":"Assembly-CSharp","nameSpace":"GingerSnaps","className":"Input","methodName":"RuntimeInitialization","loadTypes":1,"isUnityClass":false},{"assemblyName":"Assembly-CSharp","nameSpace":"Dugan","className":"PreScriptExecution","methodName":"Instance","loadTypes":1,"isUnityClass":false},{"assemblyName":"Assembly-CSharp","nameSpace":"Dugan","className":"Screen","methodName":"Instance","loadTypes":1,"isUnityClass":false},{"assemblyName":"Assembly-CSharp","nameSpace":"Dugan.Mathf","className":"Simplex","methodName":"RuntimeInitializationMethod","loadTypes":2,"isUnityClass":false},{"assemblyName":"Assembly-CSharp","nameSpace":"Dugan.Input","className":"InputSystem","methodName":"Init","loadTypes":1,"isUnityClass":false},{"assemblyName":"Assembly-CSharp","nameSpace":"Dugan.Input.Pointers","className":"MousePointer","methodName":"Init","loadTypes":1,"isUnityClass":false},{"assemblyName":"Assembly-CSharp","nameSpace":"Dugan.Input.Pointers","className":"TouchPointer","methodName":"Init","loadTypes":1,"isUnityClass":false},{"assemblyName":"Unity.InputSystem","nameSpace":"UnityEngine.InputSystem","className":"InputSystem","methodName":"RunInitializeInPlayer","loadTypes":1,"isUnityClass":true},{"assemblyName":"Unity.VisualScripting.Core","nameSpace":"Unity.VisualScripting","className":"RuntimeVSUsageUtility","methodName":"RuntimeInitializeOnLoadBeforeSceneLoad","loadTypes":1,"isUnityClass":true}]}
